Category,N,MeanScore,SuccessPercent
model,71,0.6830985915492958,68.30985915492957
dataset,406,0.6798029556650246,67.98029556650246
evaluation,184,0.6739130434782609,67.3913043478261
optimization,309,0.5663430420711975,56.63430420711975
